Boiler_BinarySchema,192,Variable
Boiler_XmlSchema,185,Variable
Boiler1,138,Object
BoilerDrumType,88,ObjectType
BoilerInputPipeType,73,ObjectType
BoilerOutputPipeType,96,ObjectType
BoilerType,55,ObjectType
ControllerDataType,183,DataType
ControllerDataType_Encoding_DefaultBinary,191,Object
ControllerDataType_Encoding_DefaultJson,15003,Object
ControllerDataType_Encoding_DefaultXml,184,Object
CustomControllerType,21,ObjectType
FlowControllerType,37,ObjectType
FlowTo,1,ReferenceType
FlowTransmitterType,48,ObjectType
GenericActuatorType,14,ObjectType
GenericControllerType,3,ObjectType
GenericSensorType,7,ObjectType
LevelControllerType,33,ObjectType
LevelIndicatorType,41,ObjectType
SignalTo,2,ReferenceType
ValveType,26,ObjectType
